"year","month","time_period","name","ID_number","mean_monthly_discharge_cfs"
2023,9,"2023-2024","FBR Marshall","03453500",775.625
2023,10,"2023-2024","FBR Marshall","03453500",742.700940860215
2023,11,"2023-2024","FBR Marshall","03453500",767.578652777778
2023,12,"2023-2024","FBR Marshall","03453500",2149.57627688172
2024,1,"2023-2024","FBR Marshall","03453500",4859.13642473118
2024,2,"2023-2024","FBR Marshall","03453500",2616.44037356322
2024,3,"2023-2024","FBR Marshall","03453500",3760.61474079269
