"year","month","time_period","name","ID_number","mean_monthly_discharge_cfs"
2023,9,"2023-2024","FBR Hot Springs","03454500",774.388020833333
2023,10,"2023-2024","FBR Hot Springs","03454500",727.306451612903
2023,11,"2023-2024","FBR Hot Springs","03454500",777.495069444444
2023,12,"2023-2024","FBR Hot Springs","03454500",2321.89180107527
2024,1,"2023-2024","FBR Hot Springs","03454500",5417.0497311828
2024,2,"2023-2024","FBR Hot Springs","03454500",2975.38433908046
2024,3,"2023-2024","FBR Hot Springs","03454500",4193.19358710562
