"year","month","time_period","name","ID_number","mean_monthly_discharge_cfs"
2024,9,"2024-2025","FBR_Blantyre","03443000",13959.8548055267
2024,10,"2024-2025","FBR_Blantyre","03443000",1020.44254032258
2024,11,"2024-2025","FBR_Blantyre","03443000",631.710944444444
2024,12,"2024-2025","FBR_Blantyre","03443000",1132.03024193548
2025,1,"2024-2025","FBR_Blantyre","03443000",885.404450025153
2025,2,"2024-2025","FBR_Blantyre","03443000",1084.53831845238
2025,3,"2024-2025","FBR_Blantyre","03443000",817.876409017713
