"year","month","time_period","name","ID_number","mean_monthly_discharge_cfs"
2024,9,"2024-2025","FBR_Asheville","03451500",47525.2905701754
2024,10,"2024-2025","FBR_Asheville","03451500",2282.19758064516
2024,11,"2024-2025","FBR_Asheville","03451500",1277.88736111111
2024,12,"2024-2025","FBR_Asheville","03451500",2263.68953039141
2025,1,"2024-2025","FBR_Asheville","03451500",1830.78702080411
2025,2,"2024-2025","FBR_Asheville","03451500",2652.3085631299
2025,3,"2024-2025","FBR_Asheville","03451500",1723.15150295223
