"year","month","time_period","name","ID_number","mean_monthly_discharge_cfs"
2023,9,"2023-2024","FBR_Blantyre","03443000",256.361979166667
2023,10,"2023-2024","FBR_Blantyre","03443000",232.844422043011
2023,11,"2023-2024","FBR_Blantyre","03443000",251.133097222222
2023,12,"2023-2024","FBR_Blantyre","03443000",888.792338709677
2024,1,"2023-2024","FBR_Blantyre","03443000",2055.21404569892
2024,2,"2023-2024","FBR_Blantyre","03443000",1052.0150862069
2024,3,"2023-2024","FBR_Blantyre","03443000",1381.12300389157
