"year","month","time_period","name","ID_number","mean_monthly_discharge_cfs"
2023,9,"2023-2024","NF_Swannanoa_Walkertown","0344894205 ",6.69375
2023,10,"2023-2024","NF_Swannanoa_Walkertown","0344894205 ",5.03043010752688
2023,11,"2023-2024","NF_Swannanoa_Walkertown","0344894205 ",5.82953472222222
2023,12,"2023-2024","NF_Swannanoa_Walkertown","0344894205 ",49.6022211021505
2024,1,"2023-2024","NF_Swannanoa_Walkertown","0344894205 ",77.8936155913978
2024,2,"2023-2024","NF_Swannanoa_Walkertown","0344894205 ",44.662966954023
2024,3,"2023-2024","NF_Swannanoa_Walkertown","0344894205 ",69.417991814278
