"year","month","time_period","name","ID_number","mean_monthly_discharge_cfs"
2023,9,"2023-2024","Swannanoa_Biltmore","03451000",37.8020833333333
2023,10,"2023-2024","Swannanoa_Biltmore","03451000",33.4949260752688
2023,11,"2023-2024","Swannanoa_Biltmore","03451000",40.5600319444444
2023,12,"2023-2024","Swannanoa_Biltmore","03451000",100.895362903226
2024,1,"2023-2024","Swannanoa_Biltmore","03451000",291.89601445712
2024,2,"2023-2024","Swannanoa_Biltmore","03451000",162.288433908046
2024,3,"2023-2024","Swannanoa_Biltmore","03451000",269.912372517445
